<?xml version="1.0" encoding="utf-8"?>
<paypalm>
    <list>
        <opcodeurlbean>
            <opcode>MA4001</opcode>
            <url>ip/cloud-refund/xml</url>
        </opcodeurlbean>
        <opcodeurlbean>
            <opcode>MH1001</opcode>
            <url>ip/cloud-moneymgr/xml</url>
        </opcodeurlbean>
        <opcodeurlbean>
            <opcode>MS1001</opcode>
            <url>ip/cloud-moneymgr/xml</url>
        </opcodeurlbean>
        <opcodeurlbean>
            <opcode>MA1002</opcode>
            <url>ip/cloud-moneymgr/xml</url>
        </opcodeurlbean>
        <opcodeurlbean>
            <opcode>MA1003</opcode>
            <url>ip/cloud-moneymgr/xml</url>
        </opcodeurlbean>
        <opcodeurlbean>
            <opcode>MA1001</opcode>
            <url>ip/cloud-moneymgr/xml</url>
        </opcodeurlbean>
        <opcodeurlbean>
            <opcode>MQ1001</opcode>
            <url>ip/cloud-moneymgr/xml</url>
        </opcodeurlbean>
        <opcodeurlbean>
            <opcode>MH1002</opcode>
            <url>ip/cloud-moneymgr/h5</url>
        </opcodeurlbean>
        <opcodeurlbean>
            <opcode>MH1003</opcode>
            <url>ip/cloud-moneymgr/h5</url>
        </opcodeurlbean>
        <opcodeurlbean>
            <opcode>MH1004</opcode>
            <url>ip/cloud-moneymgr/h5</url>
        </opcodeurlbean>
        <opcodeurlbean>
            <opcode>MH1005</opcode>
            <url>ip/cloud-moneymgr/h5</url>
        </opcodeurlbean>
        <opcodeurlbean>
            <opcode>MA2001</opcode>
            <url>ip/cloud-moneymgr/xml</url>
        </opcodeurlbean>
        <opcodeurlbean>
            <opcode>MQ1001</opcode>
            <url>ip/cloud-moneymgr/xml</url>
        </opcodeurlbean>
        <opcodeurlbean>
            <opcode>MP2001</opcode>
            <url>ip/cloud-moneymgr/xml</url>
        </opcodeurlbean>
        <opcodeurlbean>
            <opcode>MQ1002</opcode>
            <url>ip/cloud-moneymgr/xml</url>
        </opcodeurlbean>
        <opcodeurlbean>
            <opcode>MP3001</opcode>
            <url>ip/cloud-moneymgr/xml</url>
        </opcodeurlbean>
        <opcodeurlbean>
            <opcode>MA3001</opcode>
            <url>ip/cloud-moneymgr/xml</url>
        </opcodeurlbean>
        <opcodeurlbean>
            <opcode>MP4001</opcode>
            <url>ip/cloud-refund/xml</url>
        </opcodeurlbean>
        <opcodeurlbean>
            <opcode>MQ1003</opcode>
            <url>ip/cloud-refund/xml</url>
        </opcodeurlbean>        
        <opcodeurlbean>
            <opcode>MQ1004</opcode>
            <url>ip/cloud-refund/xml</url>
        </opcodeurlbean>
        <opcodeurlbean>
            <opcode>MP1001</opcode>
            <url>ip/cloud-moneymgr/xml</url>
        </opcodeurlbean>
        <opcodeurlbean>
            <opcode>MQ1002</opcode>
            <url>ip/cloud-moneymgr/xml</url>
        </opcodeurlbean>
    </list>
</paypalm>